Test No,Pin No,Mating Pin,Connectors,Part No,Harness,Harness Name
T1,T1A1,1,MB2FA,C25NT10149,FMX03799,CAB WDL STD RHD - WIRING HARNESS
T1,T1A2,2,MB2FA,C25NT10149,FMX03799,CAB WDL STD RHD - WIRING HARNESS
T1,T1A3,3,MB2FA,C25NT10149,FMX03799,CAB WDL STD RHD - WIRING HARNESS
T1,T1A4,4,MB2FA,C25NT10149,FMX03799,CAB WDL STD RHD - WIRING HARNESS
T1,T1A5,5,MB2FA,C25NT10149,FMX03799,CAB WDL STD RHD - WIRING HARNESS
T1,T1A6,15,MB2FA,C25NT10149,FMX03799,CAB WDL STD RHD - WIRING HARNESS
T1,T1A7,16,MB2FA,C25NT10149,FMX03799,CAB WDL STD RHD - WIRING HARNESS
T1,T1A8,19,MB2FA,C25NT10149,FMX03799,CAB WDL STD RHD - WIRING HARNESS
T1,T1A9,20,MB2FA,C25NT10149,FMX03799,CAB WDL STD RHD - WIRING HARNESS
T1,T1A10,21,MB2FA,C25NT10149,FMX03799,CAB WDL STD RHD - WIRING HARNESS
T1,T1A11,22,MB2FA,C25NT10149,FMX03799,CAB WDL STD RHD - WIRING HARNESS
T1,T1A12,23,MB2FA,C25NT10149,FMX03799,CAB WDL STD RHD - WIRING HARNESS
T1,T1A13,,,,,
T1,T1A14,,,,,
T1,T1A15,,,,,
T1,T1A16,,,,,
T1,T1A17,,,,,
T1,T1A18,,,,,
T1,T1A19,,,,,
T1,T1A20,,,,,
T1,T1A21,,,,,
T1,T1A22,,,,,
T1,T1A23,,,,,
T1,T1A24,,,,,
T1,T1A25,,,,,
T1,T1B1,1,"MB2FB
",C25NT10150,FMX03799,CAB WDL STD RHD - WIRING HARNESS
T1,T1B2,2,,,,
T1,T1B3,7,,,,
T1,T1B4,9,,,,
T1,T1B5,10,,,,
T1,T1B6,11,,,,
T1,T1B7,14,,,,
T1,T1B8,16,,,,
T1,T1B9,17,,,,
T1,T1B10,18,,,,
T1,T1B11,22,,,,
T1,T1B12,24,,,,
T1,T1B13,25,,,,
T1,T1B14,,,,,
T1,T1B15,,,,,
T1,T1B16,,,,,
T1,T1B17,,,,,
T1,T1B18,,,,,
T1,T1B19,,,,,
T1,T1B20,,,,,
T1,T1B21,,,,,
T1,T1B22,,,,,
T1,T1B23,,,,,
T1,T1B24,,,,,
T1,T1B25,,,,,
T1,T1C1,1,EDC BULKHEAD TO FRAME,C15NT10242,FEM00399,EDC CAB - WIRING HARNESS
T1,T1C2,2,EDC BULKHEAD TO FRAME,C15NT10242,FEM00399,EDC CAB - WIRING HARNESS
T1,T1C3,5,EDC BULKHEAD TO FRAME,C15NT10242,FEM00399,EDC CAB - WIRING HARNESS
T1,T1C4,10,EDC BULKHEAD TO FRAME,C15NT10242,FEM00399,EDC CAB - WIRING HARNESS
T1,T1C5,1,MB2FC,C2NT10194 ,FMX03799,CAB WDL STD RHD - WIRING HARNESS
T1,T1C6,2,MB2FC,C2NT10194 ,FMX03799,CAB WDL STD RHD - WIRING HARNESS
T1,T1C7,,,,,
T1,T1C8,,,,,
T1,T1C9,,,,,
T1,T1C10,,,,,
T1,T1C11,,,,,
T1,T1C12,,,,,
T1,T1C13,,,,,
T1,T1C14,1,LOOSE WIRES WITH PINS,,,
T1,T1C15,1,LOOSE WIRES WITH PINS,,,
T1,T1C16,1,LOOSE WIRES WITH PINS,,,
T1,T1C17,1,LOOSE WIRES WITH PINS,,,
T1,T1C18,1,LOOSE WIRES WITH CLIPS,,,
T1,T1C19,1,LOOSE WIRES WITH CLIPS,,,
T1,T1C20,1,LOOSE WIRES WITH CLIPS,,,
T1,T1C21,,,,,
T1,T1C22,,,,,
T1,T1C23,,,,,
T1,T1C24,,,,,
T1,T1C25,,,,,
T1,T1D1,1,INLINE GEAR BOX TO FRAME,C15WR10152 ,FAG12400,9 SPEED GEAR BOX HARNESS FOR MCSO MODELS
T1,T1D2,3,INLINE GEAR BOX TO FRAME,C15WR10152 ,FAG12400,9 SPEED GEAR BOX HARNESS FOR MCSO MODELS
T1,T1D3,4,INLINE GEAR BOX TO FRAME,C15WR10152 ,FAG12400,9 SPEED GEAR BOX HARNESS FOR MCSO MODELS
T1,T1D4,5,INLINE GEAR BOX TO FRAME,C15WR10152 ,FAG12400,9 SPEED GEAR BOX HARNESS FOR MCSO MODELS
T1,T1D5,6,INLINE GEAR BOX TO FRAME,C15WR10152 ,FAG12400,9 SPEED GEAR BOX HARNESS FOR MCSO MODELS
T1,T1D6,7,INLINE GEAR BOX TO FRAME,C15WR10152 ,FAG12400,9 SPEED GEAR BOX HARNESS FOR MCSO MODELS
T1,T1D7,10,INLINE GEAR BOX TO FRAME,C15WR10152 ,FAG12400,9 SPEED GEAR BOX HARNESS FOR MCSO MODELS
T1,T1D8,1,INLINE CAB TILT TO FRAME,C15WR10152 ,FAG04599,CAB TILT REAR BRIDGE HARNESS WDL
T1,T1D9,3,INLINE CAB TILT TO FRAME,C15WR10152 ,FAG04599,CAB TILT REAR BRIDGE HARNESS WDL
T1,T1D10,4,INLINE CAB TILT TO FRAME,C15WR10152 ,FAG04599,CAB TILT REAR BRIDGE HARNESS WDL
T1,T1D11,5,INLINE CAB TILT TO FRAME,C15WR10152 ,FAG04599,CAB TILT REAR BRIDGE HARNESS WDL
T1,T1D12,6,INLINE CAB TILT TO FRAME,C15WR10152 ,FAG04599,CAB TILT REAR BRIDGE HARNESS WDL
T1,T1D13,7,INLINE CAB TILT TO FRAME,C15WR10152 ,FAG04599,CAB TILT REAR BRIDGE HARNESS WDL
T1,T1D14,11,INLINE CAB TILT TO FRAME,C15WR10152 ,FAG04599,CAB TILT REAR BRIDGE HARNESS WDL
T1,T1D15,12,INLINE CAB TILT TO FRAME,C15WR10152 ,FAG04599,CAB TILT REAR BRIDGE HARNESS WDL
T1,T1D16,1,LOOSE WIRES WITH PINS,,,
T1,T1D17,1,LOOSE WIRES WITH PINS,,,
T1,T1D18,1,LOOSE WIRES WITH PINS,,,
T1,T1D19,1,LOOSE WIRES WITH PINS,,,
T1,T1D20,1,LOOSE WIRES WITH PINS,,,
T1,T1D21,,,,,
T1,T1D22,,,,,
T1,T1D23,1,IFWP,C3WT10043,FAG04099,WIFS PIGTAIL - CB18
T1,T1D24,2,IFWP,C3WT10043,FAG04099,WIFS PIGTAIL - CB18
T1,T1D25,3,IFWP,C3WT10043,FAG04099,WIFS PIGTAIL - CB18
T1,T1E1,A3,MUX CONNECTOR,,,
T1,T1E2,B1,MUX CONNECTOR,,,
T1,T1E3,B3,MUX CONNECTOR,,,
T1,T1E4,D1,MUX CONNECTOR,,,
T1,T1E5,E1,MUX CONNECTOR,,,
T1,T1E6,E2,MUX CONNECTOR,,,
T1,T1E7,E3,MUX CONNECTOR,,,
T1,T1E8,F1,MUX CONNECTOR,,,
T1,T1E9,F3,MUX CONNECTOR,,,
T1,T1E10,G2,MUX CONNECTOR,,,
T1,T1E11,G3,MUX CONNECTOR,,,
T1,T1E12,H3,MUX CONNECTOR,,,
T1,T1E13,J1,MUX CONNECTOR,,,
T1,T1E14,K1,MUX CONNECTOR,,,
T1,T1E15,L1,MUX CONNECTOR,,,
T1,T1E16,L2,MUX CONNECTOR,,,
T1,T1E17,L3,MUX CONNECTOR,,,
T1,T1E18,L4,MUX CONNECTOR,,,
T1,T1E19,M1,MUX CONNECTOR,,,
T1,T1E20,M2,MUX CONNECTOR,,,
T1,T1E21,M3,MUX CONNECTOR,,,
T1,T1E22,M4,MUX CONNECTOR,,,
T1,T1E23,1,LOOSE WIRES WITH CLIPS,,,
T1,T1E24,1,LOOSE WIRES WITH CLIPS,,,
T1,T1E25,1,LOOSE WIRES WITH CLIPS,,,
T2,T2A1,1,MB2MEA,C25NT10147,FMX03799,CAB WDL STD RHD - WIRING HARNESS
T2,T2A2,2,MB2MEA,C25NT10147,FMX03799,CAB WDL STD RHD - WIRING HARNESS
T2,T2A3,4,MB2MEA,C25NT10147,FMX03799,CAB WDL STD RHD - WIRING HARNESS
T2,T2A4,5,MB2MEA,C25NT10147,FMX03799,CAB WDL STD RHD - WIRING HARNESS
T2,T2A5,6,MB2MEA,C25NT10147,FMX03799,CAB WDL STD RHD - WIRING HARNESS
T2,T2A6,7,MB2MEA,C25NT10147,FMX03799,CAB WDL STD RHD - WIRING HARNESS
T2,T2A7,8,MB2MEA,C25NT10147,FMX03799,CAB WDL STD RHD - WIRING HARNESS
T2,T2A8,9,MB2MEA,C25NT10147,FMX03799,CAB WDL STD RHD - WIRING HARNESS
T2,T2A9,10,MB2MEA,C25NT10147,FMX03799,CAB WDL STD RHD - WIRING HARNESS
T2,T2A10,12,MB2MEA,C25NT10147,FMX03799,CAB WDL STD RHD - WIRING HARNESS
T2,T2A11,13,MB2MEA,C25NT10147,FMX03799,CAB WDL STD RHD - WIRING HARNESS
T2,T2A12,16,MB2MEA,C25NT10147,FMX03799,CAB WDL STD RHD - WIRING HARNESS
T2,T2A13,17,MB2MEA,C25NT10147,FMX03799,CAB WDL STD RHD - WIRING HARNESS
T2,T2A14,18,MB2MEA,C25NT10147,FMX03799,CAB WDL STD RHD - WIRING HARNESS
T2,T2A15,21,MB2MEA,C25NT10147,FMX03799,CAB WDL STD RHD - WIRING HARNESS
T2,T2A16,22,MB2MEA,C25NT10147,FMX03799,CAB WDL STD RHD - WIRING HARNESS
T2,T2A17,23,MB2MEA,C25NT10147,FMX03799,CAB WDL STD RHD - WIRING HARNESS
T2,T2A18,1,IE2ME,C6NT10458,FEM00399,EDC CAB - WIRING HARNESS
T2,T2A19,2,IE2ME,C6NT10458,FEM00399,EDC CAB - WIRING HARNESS
T2,T2A20,3,IE2ME,C6NT10458,FEM00399,EDC CAB - WIRING HARNESS
T2,T2A21,,,,,
T2,T2A22,,,,,
T2,T2A23,,,,,
T2,T2A24,,,,,
T2,T2A25,,,,,
T2,T2B1,1,MB2MEB,C25NT10148,FMX03799,CAB WDL STD RHD - WIRING HARNESS
T2,T2B2,2,MB2MEB,C25NT10148,FMX03799,CAB WDL STD RHD - WIRING HARNESS
T2,T2B3,3,MB2MEB,C25NT10148,FMX03799,CAB WDL STD RHD - WIRING HARNESS
T2,T2B4,4,MB2MEB,C25NT10148,FMX03799,CAB WDL STD RHD - WIRING HARNESS
T2,T2B5,5,MB2MEB,C25NT10148,FMX03799,CAB WDL STD RHD - WIRING HARNESS
T2,T2B6,6,MB2MEB,C25NT10148,FMX03799,CAB WDL STD RHD - WIRING HARNESS
T2,T2B7,7,MB2MEB,C25NT10148,FMX03799,CAB WDL STD RHD - WIRING HARNESS
T2,T2B8,8,MB2MEB,C25NT10148,FMX03799,CAB WDL STD RHD - WIRING HARNESS
T2,T2B9,10,MB2MEB,C25NT10148,FMX03799,CAB WDL STD RHD - WIRING HARNESS
T2,T2B10,11,MB2MEB,C25NT10148,FMX03799,CAB WDL STD RHD - WIRING HARNESS
T2,T2B11,12,MB2MEB,C25NT10148,FMX03799,CAB WDL STD RHD - WIRING HARNESS
T2,T2B12,14,MB2MEB,C25NT10148,FMX03799,CAB WDL STD RHD - WIRING HARNESS
T2,T2B13,15,MB2MEB,C25NT10148,FMX03799,CAB WDL STD RHD - WIRING HARNESS
T2,T2B14,16,MB2MEB,C25NT10148,FMX03799,CAB WDL STD RHD - WIRING HARNESS
T2,T2B15,17,MB2MEB,C25NT10148,FMX03799,CAB WDL STD RHD - WIRING HARNESS
T2,T2B16,18,MB2MEB,C25NT10148,FMX03799,CAB WDL STD RHD - WIRING HARNESS
T2,T2B17,19,MB2MEB,C25NT10148,FMX03799,CAB WDL STD RHD - WIRING HARNESS
T2,T2B18,20,MB2MEB,C25NT10148,FMX03799,CAB WDL STD RHD - WIRING HARNESS
T2,T2B19,21,MB2MEB,C25NT10148,FMX03799,CAB WDL STD RHD - WIRING HARNESS
T2,T2B20,,,,,
T2,T2B21,,,,,
T2,T2B22,,,,,
T2,T2B23,,,,,
T2,T2B24,,,,,
T2,T2B25,,,,,
T2,T2C1,1,APS1,C4WR1005,,
T2,T2C2,2,APS1,C4WR1005,,
T2,T2C3,3,APS1,C4WR1005,,
T2,T2C4,1,APS2,C4WR10051,,
T2,T2C5,2,APS2,C4WR10051,,
T2,T2C6,3,APS2,C4WR10051,,
T2,T2C7,1,PUS,C12WR10116,,
T2,T2C8,2,PUS,C12WR10116,,
T2,T2C9,3,PUS,C12WR10116,,
T2,T2C10,4,PUS,C12WR10116,,
T2,T2C11,7,PUS,C12WR10116,,
T2,T2C12,8,PUS,C12WR10116,,
T2,T2C13,9,PUS,C12WR10116,,
T2,T2C14,10,PUS,C12WR10116,,
T2,T2C15,11,PUS,C12WR10116,,
T2,T2C16,12,PUS,C12WR10116,,
T2,T2C17,1,WPM,C2NR10006,,
T2,T2C18,2,WPM,C2NR10006,,
T2,T2C19,1,SW+ TP3,C2NR10006,,
T2,T2C20,2,SW+ TP3,C2NR10006,,
T2,T2C21,1,DI-RH,C2WR10196,,
T2,T2C22,2,DI-RH,C2WR10196,,
T2,T2C23,1,DI-LH,C2WR10196,,
T2,T2C24,2,DI-LH,C2WR10196,,
T2,T2C25,,,,,
T2,T2D1,1,HHLM-RH,C3WR10083,,
T2,T2D2,2,HHLM-RH,C3WR10083,,
T2,T2D3,3,HHLM-RH,C3WR10083,,
T2,T2D4,1,HHLM-LH,C3WR10083,,
T2,T2D5,2,HHLM-LH,C3WR10083,,
T2,T2D6,3,HHLM-LH,C3WR10083,,
T2,T2D7,1,HLHB-RH,C4WR10051,,
T2,T2D8,2,HLHB-RH,C4WR10051,,
T2,T2D9,3,HLHB-RH,C4WR10051,,
T2,T2D10,1,HLHB-LH,C4WR10051,,
T2,T2D11,2,HLHB-LH,C4WR10051,,
T2,T2D12,3,HLHB-LH,C4WR10051,,
T2,T2D13,1,FFL-RH,C2WR10160,,
T2,T2D14,2,FFL-RH,C2WR10160,,
T2,T2D15,1,FFL-LH,C2WR10160,,
T2,T2D16,2,FFL-LH,C2WR10160,,
T2,T2D17,2,HLLB&P-RH,C4WR10051,,
T2,T2D18,3,HLLB&P-RH,C4WR10051,,
T2,T2D19,4,HLLB&P-RH,C4WR10051,,
T2,T2D20,2,HLLB&P-LH,C4WR10051,,
T2,T2D21,3,HLLB&P-LH,C4WR10051,,
T2,T2D22,4,HLLB&P-LH,C4WR10051,,
T2,T2D23,,,,,
T2,T2D24,,,,,
T2,T2D25,,,,,
T3,T3A1,1,IEK2M,C23NR10234,FEM00399,EDC CAB - WIRING HARNESS
T3,T3A2,2,IEK2M,C23NR10234,FEM00399,EDC CAB - WIRING HARNESS
T3,T3A3,3,IEK2M,C23NR10234,FEM00399,EDC CAB - WIRING HARNESS
T3,T3A4,4,IEK2M,C23NR10234,FEM00399,EDC CAB - WIRING HARNESS
T3,T3A5,6,IEK2M,C23NR10234,FEM00399,EDC CAB - WIRING HARNESS
T3,T3A6,7,IEK2M,C23NR10234,FEM00399,EDC CAB - WIRING HARNESS
T3,T3A7,8,IEK2M,C23NR10234,FEM00399,EDC CAB - WIRING HARNESS
T3,T3A8,12,IEK2M,C23NR10234,FEM00399,EDC CAB - WIRING HARNESS
T3,T3A9,13,IEK2M,C23NR10234,FEM00399,EDC CAB - WIRING HARNESS
T3,T3A10,17,IEK2M,C23NR10234,FEM00399,EDC CAB - WIRING HARNESS
T3,T3A11,18,IEK2M,C23NR10234,FEM00399,EDC CAB - WIRING HARNESS
T3,T3A12,19,IEK2M,C23NR10234,FEM00399,EDC CAB - WIRING HARNESS
T3,T3A13,20,IEK2M,C23NR10234,FEM00399,EDC CAB - WIRING HARNESS
T3,T3A14,21,IEK2M,C23NR10234,FEM00399,EDC CAB - WIRING HARNESS
T3,T3A15,22,IEK2M,C23NR10234,FEM00399,EDC CAB - WIRING HARNESS
T3,T3A16,23,IEK2M,C23NR10234,FEM00399,EDC CAB - WIRING HARNESS
T3,T3A17,,,,,
T3,T3A18,,,,,
T3,T3A19,,,,,
T3,T3A20,,,,,
T3,T3A21,,,,,
T3,T3A22,,,,,
T3,T3A23,,,,,
T3,T3A24,,,,,
T3,T3A25,,,,,
T3,T3B1,1,FB2MA,C25NR10165,FAG17100,CHASSIS WIRING HARNESS
T3,T3B2,2,FB2MA,C25NR10165,FAG17100,CHASSIS WIRING HARNESS
T3,T3B3,3,FB2MA,C25NR10165,FAG17100,CHASSIS WIRING HARNESS
T3,T3B4,4,FB2MA,C25NR10165,FAG17100,CHASSIS WIRING HARNESS
T3,T3B5,5,FB2MA,C25NR10165,FAG17100,CHASSIS WIRING HARNESS
T3,T3B6,6,FB2MA,C25NR10165,FAG17100,CHASSIS WIRING HARNESS
T3,T3B7,7,FB2MA,C25NR10165,FAG17100,CHASSIS WIRING HARNESS
T3,T3B8,13,FB2MA,C25NR10165,FAG17100,CHASSIS WIRING HARNESS
T3,T3B9,14,FB2MA,C25NR10165,FAG17100,CHASSIS WIRING HARNESS
T3,T3B10,15,FB2MA,C25NR10165,FAG17100,CHASSIS WIRING HARNESS
T3,T3B11,16,FB2MA,C25NR10165,FAG17100,CHASSIS WIRING HARNESS
T3,T3B12,19,FB2MA,C25NR10165,FAG17100,CHASSIS WIRING HARNESS
T3,T3B13,20,FB2MA,C25NR10165,FAG17100,CHASSIS WIRING HARNESS
T3,T3B14,21,FB2MA,C25NR10165,FAG17100,CHASSIS WIRING HARNESS
T3,T3B15,22,FB2MA,C25NR10165,FAG17100,CHASSIS WIRING HARNESS
T3,T3B16,23,FB2MA,C25NR10165,FAG17100,CHASSIS WIRING HARNESS
T3,T3B17,,,,,
T3,T3B18,,,,,
T3,T3B19,,,,,
T3,T3B20,,,,,
T3,T3B21,,,,,
T3,T3B22,,,,,
T3,T3B23,,,,,
T3,T3B24,,,,,
T3,T3B25,,,,,
T3,T3C1,1,FB2MB,C25NR10163,FAG17100,CHASSIS WIRING HARNESS
T3,T3C2,2,FB2MB,C25NR10163,FAG17100,CHASSIS WIRING HARNESS
T3,T3C3,7,FB2MB,C25NR10163,FAG17100,CHASSIS WIRING HARNESS
T3,T3C4,9,FB2MB,C25NR10163,FAG17100,CHASSIS WIRING HARNESS
T3,T3C5,10,FB2MB,C25NR10163,FAG17100,CHASSIS WIRING HARNESS
T3,T3C6,11,FB2MB,C25NR10163,FAG17100,CHASSIS WIRING HARNESS
T3,T3C7,14,FB2MB,C25NR10163,FAG17100,CHASSIS WIRING HARNESS
T3,T3C8,16,FB2MB,C25NR10163,FAG17100,CHASSIS WIRING HARNESS
T3,T3C9,17,FB2MB,C25NR10163,FAG17100,CHASSIS WIRING HARNESS
T3,T3C10,18,FB2MB,C25NR10163,FAG17100,CHASSIS WIRING HARNESS
T3,T3C11,22,FB2MB,C25NR10163,FAG17100,CHASSIS WIRING HARNESS
T3,T3C12,24,FB2MB,C25NR10163,FAG17100,CHASSIS WIRING HARNESS
T3,T3C13,25,FB2MB,C25NR10163,FAG17100,CHASSIS WIRING HARNESS
T3,T3C14,,,,,
T3,T3C15,,,,,
T3,T3C16,,,,,
T3,T3C17,,,,,
T3,T3C18,,,,,
T3,T3C19,,,,,
T3,T3C20,,,,,
T3,T3C21,,,,,
T3,T3C22,,,,,
T3,T3C23,,,,,
T3,T3C24,,,,,
T3,T3C25,,,,,
T3,T3D1,1,MEB2MA,C25NR10164,FFJ00600,MAIN EXTERIOR HARNESS
T3,T3D2,2,MEB2MA,C25NR10164,FFJ00600,MAIN EXTERIOR HARNESS
T3,T3D3,4,MEB2MA,C25NR10164,FFJ00600,MAIN EXTERIOR HARNESS
T3,T3D4,5,MEB2MA,C25NR10164,FFJ00600,MAIN EXTERIOR HARNESS
T3,T3D5,6,MEB2MA,C25NR10164,FFJ00600,MAIN EXTERIOR HARNESS
T3,T3D6,7,MEB2MA,C25NR10164,FFJ00600,MAIN EXTERIOR HARNESS
T3,T3D7,8,MEB2MA,C25NR10164,FFJ00600,MAIN EXTERIOR HARNESS
T3,T3D8,9,MEB2MA,C25NR10164,FFJ00600,MAIN EXTERIOR HARNESS
T3,T3D9,10,MEB2MA,C25NR10164,FFJ00600,MAIN EXTERIOR HARNESS
T3,T3D10,12,MEB2MA,C25NR10164,FFJ00600,MAIN EXTERIOR HARNESS
T3,T3D11,13,MEB2MA,C25NR10164,FFJ00600,MAIN EXTERIOR HARNESS
T3,T3D12,16,MEB2MA,C25NR10164,FFJ00600,MAIN EXTERIOR HARNESS
T3,T3D13,17,MEB2MA,C25NR10164,FFJ00600,MAIN EXTERIOR HARNESS
T3,T3D14,18,MEB2MA,C25NR10164,FFJ00600,MAIN EXTERIOR HARNESS
T3,T3D15,21,MEB2MA,C25NR10164,FFJ00600,MAIN EXTERIOR HARNESS
T3,T3D16,22,MEB2MA,C25NR10164,FFJ00600,MAIN EXTERIOR HARNESS
T3,T3D17,23,MEB2MA,C25NR10164,FFJ00600,MAIN EXTERIOR HARNESS
T3,T3D18,,,,,
T3,T3D19,,,,,
T3,T3D20,,,,,
T3,T3D21,,,,,
T3,T3D22,,,,,
T3,T3D23,,,,,
T3,T3D24,,,,,
T3,T3D25,,,,,
T3,T3E1,1,MEB2MB,C25NR10166,FFJ00600,MAIN EXTERIOR HARNESS
T3,T3E2,2,MEB2MB,C25NR10166,FFJ00600,MAIN EXTERIOR HARNESS
T3,T3E3,3,MEB2MB,C25NR10166,FFJ00600,MAIN EXTERIOR HARNESS
T3,T3E4,4,MEB2MB,C25NR10166,FFJ00600,MAIN EXTERIOR HARNESS
T3,T3E5,5,MEB2MB,C25NR10166,FFJ00600,MAIN EXTERIOR HARNESS
T3,T3E6,6,MEB2MB,C25NR10166,FFJ00600,MAIN EXTERIOR HARNESS
T3,T3E7,7,MEB2MB,C25NR10166,FFJ00600,MAIN EXTERIOR HARNESS
T3,T3E8,8,MEB2MB,C25NR10166,FFJ00600,MAIN EXTERIOR HARNESS
T3,T3E9,10,MEB2MB,C25NR10166,FFJ00600,MAIN EXTERIOR HARNESS
T3,T3E10,11,MEB2MB,C25NR10166,FFJ00600,MAIN EXTERIOR HARNESS
T3,T3E11,12,MEB2MB,C25NR10166,FFJ00600,MAIN EXTERIOR HARNESS
T3,T3E12,14,MEB2MB,C25NR10166,FFJ00600,MAIN EXTERIOR HARNESS
T3,T3E13,15,MEB2MB,C25NR10166,FFJ00600,MAIN EXTERIOR HARNESS
T3,T3E14,16,MEB2MB,C25NR10166,FFJ00600,MAIN EXTERIOR HARNESS
T3,T3E15,17,MEB2MB,C25NR10166,FFJ00600,MAIN EXTERIOR HARNESS
T3,T3E16,18,MEB2MB,C25NR10166,FFJ00600,MAIN EXTERIOR HARNESS
T3,T3E17,19,MEB2MB,C25NR10166,FFJ00600,MAIN EXTERIOR HARNESS
T3,T3E18,20,MEB2MB,C25NR10166,FFJ00600,MAIN EXTERIOR HARNESS
T3,T3E19,21,MEB2MB,C25NR10166,FFJ00600,MAIN EXTERIOR HARNESS
T3,T3E20,,,,,
T3,T3E21,,,,,
T3,T3E22,,,,,
T3,T3E23,,,,,
T3,T3E24,,,,,
T3,T3E25,,,,,
T3,T3F1,A2,BCU-A,,,
T3,T3F2,A3,BCU-A,,,
T3,T3F3,A4,BCU-A,,,
T3,T3F4,B1,BCU-A,,,
T3,T3F5,B2,BCU-A,,,
T3,T3F6,B3,BCU-A,,,
T3,T3F7,B4,BCU-A,,,
T3,T3F8,C1,BCU-A,,,
T3,T3F9,C2,BCU-A,,,
T3,T3F10,C3,BCU-A,,,
T3,T3F11,D1,BCU-A,,,
T3,T3F12,D2,BCU-A,,,
T3,T3F13,D3,BCU-A,,,
T3,T3F14,D4,BCU-A,,,
T3,T3F15,E3,BCU-A,,,
T3,T3F16,E4,BCU-A,,,
T3,T3F17,F1,BCU-A,,,
T3,T3F18,F2,BCU-A,,,
T3,T3F19,F3,BCU-A,,,
T3,T3F20,F4,BCU-A,,,
T3,T3F21,G2,BCU-A,,,
T3,T3F22,G3,BCU-A,,,
T3,T3F23,G4,BCU-A,,,
T3,T3F24,H3,BCU-A,,,
T3,T3F25,H4,BCU-A,,,
T3,T3G1,A3,BCU-B,,,
T3,T3G2,B1,BCU-B,,,
T3,T3G3,B2,BCU-B,,,
T3,T3G4,B3,BCU-B,,,
T3,T3G5,B4,BCU-B,,,
T3,T3G6,C1,BCU-B,,,
T3,T3G7,D3,BCU-B,,,
T3,T3G8,E1,BCU-B,,,
T3,T3G9,E4,BCU-B,,,
T3,T3G10,F3,BCU-B,,,
T3,T3G11,F4,BCU-B,,,
T3,T3G12,G1,BCU-B,,,
T3,T3G13,G2,BCU-B,,,
T3,T3G14,L1,BCU-B,,,
T3,T3G15,L2,BCU-B,,,
T3,T3G16,L3,BCU-B,,,
T3,T3G17,L4,BCU-B,,,
T3,T3G18,M1,BCU-B,,,
T3,T3G19,M2,BCU-B,,,
T3,T3G20,,,,,
T3,T3G21,,,,,
T3,T3G22,,,,,
T3,T3G23,,,,,
T3,T3G24,,,,,
T3,T3G25,,,,,
T3,T3H1,B2,BCU-C,,,
T3,T3H2,C3,BCU-C,,,
T3,T3H3,D1,BCU-C,,,
T3,T3H4,D2,BCU-C,,,
T3,T3H5,D3,BCU-C,,,
T3,T3H6,D4,BCU-C,,,
T3,T3H7,E1,BCU-C,,,
T3,T3H8,E3,BCU-C,,,
T3,T3H9,E4,BCU-C,,,
T3,T3H10,F1,BCU-C,,,
T3,T3H11,F2,BCU-C,,,
T3,T3H12,G1,BCU-C,,,
T3,T3H13,H1,BCU-C,,,
T3,T3H14,H3,BCU-C,,,
T3,T3H15,H4,BCU-C,,,
T3,T3H16,,,,,
T3,T3H17,,,,,
T3,T3H18,,,,,
T3,T3H19,,,,,
T3,T3H20,,,,,
T3,T3H21,,,,,
T3,T3H22,,,,,
T3,T3H23,,,,,
T3,T3H24,,,,,
T3,T3H25,,,,,
T3,T3I1,A1,BCU-D,,,
T3,T3I2,A2,BCU-D,,,
T3,T3I3,A4,BCU-D,,,
T3,T3I4,B1,BCU-D,,,
T3,T3I5,B3,BCU-D,,,
T3,T3I6,B4,BCU-D,,,
T3,T3I7,C2,BCU-D,,,
T3,T3I8,C3,BCU-D,,,
T3,T3I9,J1,BCU-D,,,
T3,T3I10,J2,BCU-D,,,
T3,T3I11,K1,BCU-D,,,
T3,T3I12,K2,BCU-D,,,
T3,T3I13,L1,BCU-D,,,
T3,T3I14,L2,BCU-D,,,
T3,T3I15,M3,BCU-D,,,
T3,T3I16,M4,BCU-D,,,
T3,T3I17,,,,,
T3,T3I18,,,,,
T3,T3I19,,,,,
T3,T3I20,,,,,
T3,T3I21,,,,,
T3,T3I22,,,,,
T3,T3I23,,,,,
T3,T3I24,,,,,
T3,T3I25,,,,,
T4,T4A1,1,IM2EK,C23NT10233,FMX03799,CAB WDL STD RHD - WIRING HARNESS
T4,T4A2,5,IM2EK,C23NT10233,FMX03799,CAB WDL STD RHD - WIRING HARNESS
T4,T4A3,7,IM2EK,C23NT10233,FMX03799,CAB WDL STD RHD - WIRING HARNESS
T4,T4A4,8,IM2EK,C23NT10233,FMX03799,CAB WDL STD RHD - WIRING HARNESS
T4,T4A5,13,IM2EK,C23NT10233,FMX03799,CAB WDL STD RHD - WIRING HARNESS
T4,T4A6,16,IM2EK,C23NT10233,FMX03799,CAB WDL STD RHD - WIRING HARNESS
T4,T4A7,17,IM2EK,C23NT10233,FMX03799,CAB WDL STD RHD - WIRING HARNESS
T4,T4A8,18,IM2EK,C23NT10233,FMX03799,CAB WDL STD RHD - WIRING HARNESS
T4,T4A9,22,IM2EK,C23NT10233,FMX03799,CAB WDL STD RHD - WIRING HARNESS
T4,T4A10,23,IM2EK,C23NT10233,FMX03799,CAB WDL STD RHD - WIRING HARNESS
T4,T4A11,1,IM2E-CC,C8NT10231,FMX03799,CAB WDL STD RHD - WIRING HARNESS
T4,T4A12,2,IM2E-CC,C8NT10231,FMX03799,CAB WDL STD RHD - WIRING HARNESS
T4,T4A13,3,IM2E-CC,C8NT10231,FMX03799,CAB WDL STD RHD - WIRING HARNESS
T4,T4A14,4,IM2E-CC,C8NT10231,FMX03799,CAB WDL STD RHD - WIRING HARNESS
T4,T4A15,6,IM2E-CC,C8NT10231,FMX03799,CAB WDL STD RHD - WIRING HARNESS
T4,T4A16,7,IM2E-CC,C8NT10231,FMX03799,CAB WDL STD RHD - WIRING HARNESS
T4,T4A17,8,IM2E-CC,C8NT10231,FMX03799,CAB WDL STD RHD - WIRING HARNESS
T4,T4A18,1,IM2EC,C6NT10237,FMX03799,CAB WDL STD RHD - WIRING HARNESS
T4,T4A19,2,IM2EC,C6NT10237,FMX03799,CAB WDL STD RHD - WIRING HARNESS
T4,T4A20,,,,,
T4,T4A21,,,,,
T4,T4A22,,,,,
T4,T4A23,,,,,
T4,T4A24,,,,,
T4,T4A25,,,,,
T4,T4B1,1,FB2E,C15NR10069,FAG17100,CHASSIS WIRING HARNESS
T4,T4B2,2,FB2E,C15NR10069,FAG17100,CHASSIS WIRING HARNESS
T4,T4B3,3,FB2E,C15NR10069,FAG17100,CHASSIS WIRING HARNESS
T4,T4B4,4,FB2E,C15NR10069,FAG17100,CHASSIS WIRING HARNESS
T4,T4B5,5,FB2E,C15NR10069,FAG17100,CHASSIS WIRING HARNESS
T4,T4B6,8,FB2E,C15NR10069,FAG17100,CHASSIS WIRING HARNESS
T4,T4B7,9,FB2E,C15NR10069,FAG17100,CHASSIS WIRING HARNESS
T4,T4B8,10,FB2E,C15NR10069,FAG17100,CHASSIS WIRING HARNESS
T4,T4B9,11,FB2E,C15NR10069,FAG17100,CHASSIS WIRING HARNESS
T4,T4B10,1,IME2E,C6NR10457,FFJ00600,MAIN EXTERIOR HARNESS
T4,T4B11,2,IME2E,C6NR10457,FFJ00600,MAIN EXTERIOR HARNESS
T4,T4B12,3,IME2E,C6NR10457,FFJ00600,MAIN EXTERIOR HARNESS
T4,T4B13,,,,,
T4,T4B14,,,,,
T4,T4B15,,,,,
T4,T4B16,,,,,
T4,T4B17,,,,,
T4,T4B18,,,,,
T4,T4B19,,,,,
T4,T4B20,,,,,
T4,T4B21,,,,,
T4,T4B22,,,,,
T4,T4B23,,,,,
T4,T4B24,,,,,
T4,T4B25,,,,,
T4,T4C1,1,BAP2AC,C25NT10150,,
T4,T4C2,3,BAP2AC,C25NT10150,,
T4,T4C3,4,BAP2AC,C25NT10150,,
T4,T4C4,6,BAP2AC,C25NT10150,,
T4,T4C5,7,BAP2AC,C25NT10150,,
T4,T4C6,8,BAP2AC,C25NT10150,,
T4,T4C7,9,BAP2AC,C25NT10150,,
T4,T4C8,11,BAP2AC,C25NT10150,,
T4,T4C9,12,BAP2AC,C25NT10150,,
T4,T4C10,13,BAP2AC,C25NT10150,,
T4,T4C11,15,BAP2AC,C25NT10150,,
T4,T4C12,16,BAP2AC,C25NT10150,,
T4,T4C13,17,BAP2AC,C25NT10150,,
T4,T4C14,18,BAP2AC,C25NT10150,,
T4,T4C15,,,,,
T4,T4C16,,,,,
T4,T4C17,,,,,
T4,T4C18,,,,,
T4,T4C19,,,,,
T4,T4C20,,,,,
T4,T4C21,,,,,
T4,T4C22,,,,,
T4,T4C23,1,loose wires,,,
T4,T4C24,1,loose wires,,,
T4,T4C25,1,loose wires,,,
T5,T5A1,3,IEA2EAP,C62WT10236,FEM00139,EDC CABIN PIGTAIL
T5,T5A2,4,IEA2EAP,C62WT10236,FEM00139,EDC CABIN PIGTAIL
T5,T5A3,5,IEA2EAP,C62WT10236,FEM00139,EDC CABIN PIGTAIL
T5,T5A4,6,IEA2EAP,C62WT10236,FEM00139,EDC CABIN PIGTAIL
T5,T5A5,7,IEA2EAP,C62WT10236,FEM00139,EDC CABIN PIGTAIL
T5,T5A6,8,IEA2EAP,C62WT10236,FEM00139,EDC CABIN PIGTAIL
T5,T5A7,9,IEA2EAP,C62WT10236,FEM00139,EDC CABIN PIGTAIL
T5,T5A8,10,IEA2EAP,C62WT10236,FEM00139,EDC CABIN PIGTAIL
T5,T5A9,11,IEA2EAP,C62WT10236,FEM00139,EDC CABIN PIGTAIL
T5,T5A10,12,IEA2EAP,C62WT10236,FEM00139,EDC CABIN PIGTAIL
T5,T5A11,13,IEA2EAP,C62WT10236,FEM00139,EDC CABIN PIGTAIL
T5,T5A12,14,IEA2EAP,C62WT10236,FEM00139,EDC CABIN PIGTAIL
T5,T5A13,15,IEA2EAP,C62WT10236,FEM00139,EDC CABIN PIGTAIL
T5,T5A14,16,IEA2EAP,C62WT10236,FEM00139,EDC CABIN PIGTAIL
T5,T5A15,17,IEA2EAP,C62WT10236,FEM00139,EDC CABIN PIGTAIL
T5,T5A16,18,IEA2EAP,C62WT10236,FEM00139,EDC CABIN PIGTAIL
T5,T5A17,19,IEA2EAP,C62WT10236,FEM00139,EDC CABIN PIGTAIL
T5,T5A18,20,IEA2EAP,C62WT10236,FEM00139,EDC CABIN PIGTAIL
T5,T5A19,21,IEA2EAP,C62WT10236,FEM00139,EDC CABIN PIGTAIL
T5,T5A20,24,IEA2EAP,C62WT10236,FEM00139,EDC CABIN PIGTAIL
T5,T5A21,25,IEA2EAP,C62WT10236,FEM00139,EDC CABIN PIGTAIL
T5,T5A22,27,IEA2EAP,C62WT10236,FEM00139,EDC CABIN PIGTAIL
T5,T5A23,28,IEA2EAP,C62WT10236,FEM00139,EDC CABIN PIGTAIL
T5,T5A24,29,IEA2EAP,C62WT10236,FEM00139,EDC CABIN PIGTAIL
T5,T5A25,30,IEA2EAP,C62WT10236,FEM00139,EDC CABIN PIGTAIL
T5,T5B1,31,IEA2EAP,C62WT10236,FEM00139,EDC CABIN PIGTAIL
T5,T5B2,32,IEA2EAP,C62WT10236,FEM00139,EDC CABIN PIGTAIL
T5,T5B3,34,IEA2EAP,C62WT10236,FEM00139,EDC CABIN PIGTAIL
T5,T5B4,35,IEA2EAP,C62WT10236,FEM00139,EDC CABIN PIGTAIL
T5,T5B5,36,IEA2EAP,C62WT10236,FEM00139,EDC CABIN PIGTAIL
T5,T5B6,37,IEA2EAP,C62WT10236,FEM00139,EDC CABIN PIGTAIL
T5,T5B7,38,IEA2EAP,C62WT10236,FEM00139,EDC CABIN PIGTAIL
T5,T5B8,43,IEA2EAP,C62WT10236,FEM00139,EDC CABIN PIGTAIL
T5,T5B9,44,IEA2EAP,C62WT10236,FEM00139,EDC CABIN PIGTAIL
T5,T5B10,45,IEA2EAP,C62WT10236,FEM00139,EDC CABIN PIGTAIL
T5,T5B11,46,IEA2EAP,C62WT10236,FEM00139,EDC CABIN PIGTAIL
T5,T5B12,50,IEA2EAP,C62WT10236,FEM00139,EDC CABIN PIGTAIL
T5,T5B13,51,IEA2EAP,C62WT10236,FEM00139,EDC CABIN PIGTAIL
T5,T5B14,52,IEA2EAP,C62WT10236,FEM00139,EDC CABIN PIGTAIL
T5,T5B15,53,IEA2EAP,C62WT10236,FEM00139,EDC CABIN PIGTAIL
T5,T5B16,54,IEA2EAP,C62WT10236,FEM00139,EDC CABIN PIGTAIL
T5,T5B17,55,IEA2EAP,C62WT10236,FEM00139,EDC CABIN PIGTAIL
T5,T5B18,56,IEA2EAP,C62WT10236,FEM00139,EDC CABIN PIGTAIL
T5,T5B19,,,,,
T5,T5B20,,,,,
T5,T5B21,,,,,
T5,T5B22,,,,,
T5,T5B23,,,,,
T5,T5B24,,,,,
T5,T5B25,,,,,
T5,T4D1,3,IEA2EAP,C62WT10236,FEM00139,EDC CABIN PIGTAIL
T5,T4D2,4,IEA2EAP,C62WT10236,FEM00139,EDC CABIN PIGTAIL
T5,T4D3,5,IEA2EAP,C62WT10236,FEM00139,EDC CABIN PIGTAIL
T5,T4D4,6,IEA2EAP,C62WT10236,FEM00139,EDC CABIN PIGTAIL
T5,T4D5,7,IEA2EAP,C62WT10236,FEM00139,EDC CABIN PIGTAIL
T5,T4D6,8,IEA2EAP,C62WT10236,FEM00139,EDC CABIN PIGTAIL
T5,T4D7,9,IEA2EAP,C62WT10236,FEM00139,EDC CABIN PIGTAIL
T5,T4D8,10,IEA2EAP,C62WT10236,FEM00139,EDC CABIN PIGTAIL
T5,T4D9,11,IEA2EAP,C62WT10236,FEM00139,EDC CABIN PIGTAIL
T5,T4D10,12,IEA2EAP,C62WT10236,FEM00139,EDC CABIN PIGTAIL
T5,T4D11,13,IEA2EAP,C62WT10236,FEM00139,EDC CABIN PIGTAIL
T5,T4D12,14,IEA2EAP,C62WT10236,FEM00139,EDC CABIN PIGTAIL
T5,T4D13,15,IEA2EAP,C62WT10236,FEM00139,EDC CABIN PIGTAIL
T5,T4D14,16,IEA2EAP,C62WT10236,FEM00139,EDC CABIN PIGTAIL
T5,T4D15,17,IEA2EAP,C62WT10236,FEM00139,EDC CABIN PIGTAIL
T5,T4D16,18,IEA2EAP,C62WT10236,FEM00139,EDC CABIN PIGTAIL
T5,T4D17,19,IEA2EAP,C62WT10236,FEM00139,EDC CABIN PIGTAIL
T5,T4D18,20,IEA2EAP,C62WT10236,FEM00139,EDC CABIN PIGTAIL
T5,T4D19,21,IEA2EAP,C62WT10236,FEM00139,EDC CABIN PIGTAIL
T5,T4D20,24,IEA2EAP,C62WT10236,FEM00139,EDC CABIN PIGTAIL
T5,T4D21,25,IEA2EAP,C62WT10236,FEM00139,EDC CABIN PIGTAIL
T5,T4D22,27,IEA2EAP,C62WT10236,FEM00139,EDC CABIN PIGTAIL
T5,T4D23,28,IEA2EAP,C62WT10236,FEM00139,EDC CABIN PIGTAIL
T5,T4D24,29,IEA2EAP,C62WT10236,FEM00139,EDC CABIN PIGTAIL
T5,T4D25,30,IEA2EAP,C62WT10236,FEM00139,EDC CABIN PIGTAIL
T5,T4E1,31,IEA2EAP,C62WT10236,FEM00139,EDC CABIN PIGTAIL
T5,T4E2,32,IEA2EAP,C62WT10236,FEM00139,EDC CABIN PIGTAIL
T5,T4E3,34,IEA2EAP,C62WT10236,FEM00139,EDC CABIN PIGTAIL
T5,T4E4,35,IEA2EAP,C62WT10236,FEM00139,EDC CABIN PIGTAIL
T5,T4E5,36,IEA2EAP,C62WT10236,FEM00139,EDC CABIN PIGTAIL
T5,T4E6,37,IEA2EAP,C62WT10236,FEM00139,EDC CABIN PIGTAIL
T5,T4E7,38,IEA2EAP,C62WT10236,FEM00139,EDC CABIN PIGTAIL
T5,T4E8,43,IEA2EAP,C62WT10236,FEM00139,EDC CABIN PIGTAIL
T5,T4E9,44,IEA2EAP,C62WT10236,FEM00139,EDC CABIN PIGTAIL
T5,T4E10,45,IEA2EAP,C62WT10236,FEM00139,EDC CABIN PIGTAIL
T5,T4E11,46,IEA2EAP,C62WT10236,FEM00139,EDC CABIN PIGTAIL
T5,T4E12,50,IEA2EAP,C62WT10236,FEM00139,EDC CABIN PIGTAIL
T5,T4E13,51,IEA2EAP,C62WT10236,FEM00139,EDC CABIN PIGTAIL
T5,T4E14,52,IEA2EAP,C62WT10236,FEM00139,EDC CABIN PIGTAIL
T5,T4E15,53,IEA2EAP,C62WT10236,FEM00139,EDC CABIN PIGTAIL
T5,T4E16,54,IEA2EAP,C62WT10236,FEM00139,EDC CABIN PIGTAIL
T5,T4E17,55,IEA2EAP,C62WT10236,FEM00139,EDC CABIN PIGTAIL
T5,T4E18,56,IEA2EAP,C62WT10236,FEM00139,EDC CABIN PIGTAIL
T5,T4E19,,,,,
T5,T4E20,,,,,
T5,T4E21,,,,,
T5,T4E22,,,,,
T5,T4E23,,,,,
T5,T4E24,,,,,
T5,T4E25,,,,,
