Test No,Pin No,Mating Pin,Connectors,Part No,Harness,Harness Name
T5,T5A1,3,IEA2EAP,C62WT10236,FEM00139,EDC CABIN PIGTAIL
T5,T5A2,4,IEA2EAP,C62WT10236,FEM00139,EDC CABIN PIGTAIL
T5,T5A3,5,IEA2EAP,C62WT10236,FEM00139,EDC CABIN PIGTAIL
T5,T5A4,6,IEA2EAP,C62WT10236,FEM00139,EDC CABIN PIGTAIL
T5,T5A5,7,IEA2EAP,C62WT10236,FEM00139,EDC CABIN PIGTAIL
T5,T5A6,8,IEA2EAP,C62WT10236,FEM00139,EDC CABIN PIGTAIL
T5,T5A7,9,IEA2EAP,C62WT10236,FEM00139,EDC CABIN PIGTAIL
T5,T5A8,10,IEA2EAP,C62WT10236,FEM00139,EDC CABIN PIGTAIL
T5,T5A9,11,IEA2EAP,C62WT10236,FEM00139,EDC CABIN PIGTAIL
T5,T5A10,12,IEA2EAP,C62WT10236,FEM00139,EDC CABIN PIGTAIL
T5,T5A11,13,IEA2EAP,C62WT10236,FEM00139,EDC CABIN PIGTAIL
T5,T5A12,14,IEA2EAP,C62WT10236,FEM00139,EDC CABIN PIGTAIL
T5,T5A13,15,IEA2EAP,C62WT10236,FEM00139,EDC CABIN PIGTAIL
T5,T5A14,16,IEA2EAP,C62WT10236,FEM00139,EDC CABIN PIGTAIL
T5,T5A15,17,IEA2EAP,C62WT10236,FEM00139,EDC CABIN PIGTAIL
T5,T5A16,18,IEA2EAP,C62WT10236,FEM00139,EDC CABIN PIGTAIL
T5,T5A17,19,IEA2EAP,C62WT10236,FEM00139,EDC CABIN PIGTAIL
T5,T5A18,20,IEA2EAP,C62WT10236,FEM00139,EDC CABIN PIGTAIL
T5,T5A19,21,IEA2EAP,C62WT10236,FEM00139,EDC CABIN PIGTAIL
T5,T5A20,24,IEA2EAP,C62WT10236,FEM00139,EDC CABIN PIGTAIL
T5,T5A21,25,IEA2EAP,C62WT10236,FEM00139,EDC CABIN PIGTAIL
T5,T5A22,27,IEA2EAP,C62WT10236,FEM00139,EDC CABIN PIGTAIL
T5,T5A23,28,IEA2EAP,C62WT10236,FEM00139,EDC CABIN PIGTAIL
T5,T5A24,29,IEA2EAP,C62WT10236,FEM00139,EDC CABIN PIGTAIL
T5,T5A25,30,IEA2EAP,C62WT10236,FEM00139,EDC CABIN PIGTAIL
T5,T5B1,31,IEA2EAP,C62WT10236,FEM00139,EDC CABIN PIGTAIL
T5,T5B2,32,IEA2EAP,C62WT10236,FEM00139,EDC CABIN PIGTAIL
T5,T5B3,34,IEA2EAP,C62WT10236,FEM00139,EDC CABIN PIGTAIL
T5,T5B4,35,IEA2EAP,C62WT10236,FEM00139,EDC CABIN PIGTAIL
T5,T5B5,36,IEA2EAP,C62WT10236,FEM00139,EDC CABIN PIGTAIL
T5,T5B6,37,IEA2EAP,C62WT10236,FEM00139,EDC CABIN PIGTAIL
T5,T5B7,38,IEA2EAP,C62WT10236,FEM00139,EDC CABIN PIGTAIL
T5,T5B8,43,IEA2EAP,C62WT10236,FEM00139,EDC CABIN PIGTAIL
T5,T5B9,44,IEA2EAP,C62WT10236,FEM00139,EDC CABIN PIGTAIL
T5,T5B10,45,IEA2EAP,C62WT10236,FEM00139,EDC CABIN PIGTAIL
T5,T5B11,46,IEA2EAP,C62WT10236,FEM00139,EDC CABIN PIGTAIL
T5,T5B12,50,IEA2EAP,C62WT10236,FEM00139,EDC CABIN PIGTAIL
T5,T5B13,51,IEA2EAP,C62WT10236,FEM00139,EDC CABIN PIGTAIL
T5,T5B14,52,IEA2EAP,C62WT10236,FEM00139,EDC CABIN PIGTAIL
T5,T5B15,53,IEA2EAP,C62WT10236,FEM00139,EDC CABIN PIGTAIL
T5,T5B16,54,IEA2EAP,C62WT10236,FEM00139,EDC CABIN PIGTAIL
T5,T5B17,55,IEA2EAP,C62WT10236,FEM00139,EDC CABIN PIGTAIL
T5,T5B18,56,IEA2EAP,C62WT10236,FEM00139,EDC CABIN PIGTAIL
T5,T5B19,,,,,
T5,T5B20,,,,,
T5,T5B21,,,,,
T5,T5B22,,,,,
T5,T5B23,,,,,
T5,T5B24,,,,,
T5,T5B25,,,,,
T5,T4D1,3,IEA2EAP,C62WT10236,FEM00139,EDC CABIN PIGTAIL
T5,T4D2,4,IEA2EAP,C62WT10236,FEM00139,EDC CABIN PIGTAIL
T5,T4D3,5,IEA2EAP,C62WT10236,FEM00139,EDC CABIN PIGTAIL
T5,T4D4,6,IEA2EAP,C62WT10236,FEM00139,EDC CABIN PIGTAIL
T5,T4D5,7,IEA2EAP,C62WT10236,FEM00139,EDC CABIN PIGTAIL
T5,T4D6,8,IEA2EAP,C62WT10236,FEM00139,EDC CABIN PIGTAIL
T5,T4D7,9,IEA2EAP,C62WT10236,FEM00139,EDC CABIN PIGTAIL
T5,T4D8,10,IEA2EAP,C62WT10236,FEM00139,EDC CABIN PIGTAIL
T5,T4D9,11,IEA2EAP,C62WT10236,FEM00139,EDC CABIN PIGTAIL
T5,T4D10,12,IEA2EAP,C62WT10236,FEM00139,EDC CABIN PIGTAIL
T5,T4D11,13,IEA2EAP,C62WT10236,FEM00139,EDC CABIN PIGTAIL
T5,T4D12,14,IEA2EAP,C62WT10236,FEM00139,EDC CABIN PIGTAIL
T5,T4D13,15,IEA2EAP,C62WT10236,FEM00139,EDC CABIN PIGTAIL
T5,T4D14,16,IEA2EAP,C62WT10236,FEM00139,EDC CABIN PIGTAIL
T5,T4D15,17,IEA2EAP,C62WT10236,FEM00139,EDC CABIN PIGTAIL
T5,T4D16,18,IEA2EAP,C62WT10236,FEM00139,EDC CABIN PIGTAIL
T5,T4D17,19,IEA2EAP,C62WT10236,FEM00139,EDC CABIN PIGTAIL
T5,T4D18,20,IEA2EAP,C62WT10236,FEM00139,EDC CABIN PIGTAIL
T5,T4D19,21,IEA2EAP,C62WT10236,FEM00139,EDC CABIN PIGTAIL
T5,T4D20,24,IEA2EAP,C62WT10236,FEM00139,EDC CABIN PIGTAIL
T5,T4D21,25,IEA2EAP,C62WT10236,FEM00139,EDC CABIN PIGTAIL
T5,T4D22,27,IEA2EAP,C62WT10236,FEM00139,EDC CABIN PIGTAIL
T5,T4D23,28,IEA2EAP,C62WT10236,FEM00139,EDC CABIN PIGTAIL
T5,T4D24,29,IEA2EAP,C62WT10236,FEM00139,EDC CABIN PIGTAIL
T5,T4D25,30,IEA2EAP,C62WT10236,FEM00139,EDC CABIN PIGTAIL
T5,T4E1,31,IEA2EAP,C62WT10236,FEM00139,EDC CABIN PIGTAIL
T5,T4E2,32,IEA2EAP,C62WT10236,FEM00139,EDC CABIN PIGTAIL
T5,T4E3,34,IEA2EAP,C62WT10236,FEM00139,EDC CABIN PIGTAIL
T5,T4E4,35,IEA2EAP,C62WT10236,FEM00139,EDC CABIN PIGTAIL
T5,T4E5,36,IEA2EAP,C62WT10236,FEM00139,EDC CABIN PIGTAIL
T5,T4E6,37,IEA2EAP,C62WT10236,FEM00139,EDC CABIN PIGTAIL
T5,T4E7,38,IEA2EAP,C62WT10236,FEM00139,EDC CABIN PIGTAIL
T5,T4E8,43,IEA2EAP,C62WT10236,FEM00139,EDC CABIN PIGTAIL
T5,T4E9,44,IEA2EAP,C62WT10236,FEM00139,EDC CABIN PIGTAIL
T5,T4E10,45,IEA2EAP,C62WT10236,FEM00139,EDC CABIN PIGTAIL
T5,T4E11,46,IEA2EAP,C62WT10236,FEM00139,EDC CABIN PIGTAIL
T5,T4E12,50,IEA2EAP,C62WT10236,FEM00139,EDC CABIN PIGTAIL
T5,T4E13,51,IEA2EAP,C62WT10236,FEM00139,EDC CABIN PIGTAIL
T5,T4E14,52,IEA2EAP,C62WT10236,FEM00139,EDC CABIN PIGTAIL
T5,T4E15,53,IEA2EAP,C62WT10236,FEM00139,EDC CABIN PIGTAIL
T5,T4E16,54,IEA2EAP,C62WT10236,FEM00139,EDC CABIN PIGTAIL
T5,T4E17,55,IEA2EAP,C62WT10236,FEM00139,EDC CABIN PIGTAIL
T5,T4E18,56,IEA2EAP,C62WT10236,FEM00139,EDC CABIN PIGTAIL
T5,T4E19,,,,,
T5,T4E20,,,,,
T5,T4E21,,,,,
T5,T4E22,,,,,
T5,T4E23,,,,,
T5,T4E24,,,,,
T5,T4E25,,,,,
